# How each .one file must look, in both Vim and VS Code.
# Columns (tab-separated): the file (from the repository root), a piece of a line,
# the token within it, and its category. The first line containing the piece is
# used, and the token is looked up from there.
examples/library/main.one	// A lending library	lending	comment
examples/library/main.one	namespace library {	namespace	declare
examples/library/main.one	namespace library {	library	namespace
examples/library/main.one	} // namespace library	namespace	comment
examples/library/main.one	format shelfmark	format	declare
examples/library/main.one	format shelfmark	shelfmark	name
examples/library/main.one	format shelfmark	AAA	pattern
examples/library/main.one	example HIS	example	keyword
examples/library/main.one	example HIS	HIS	string
examples/library/main.one	entity book {	entity	declare
examples/library/main.one	entity book {	book	name
examples/library/main.one	title      text       required	text	type
examples/library/main.one	title      text       required	title	variable
examples/library/main.one	title      text       required	required	modifier
examples/library/main.one	shelfmark  shelfmark  required  unique	unique	modifier
examples/library/main.one	status     enum       on_shelf	enum	type
examples/library/main.one	status     enum       on_shelf	on_shelf	plain
examples/library/main.one	status     enum       on_shelf	|	operator
examples/library/main.one	book         book    required	book    required	type
examples/library/main.one	member       user    required	user	type
examples/library/main.one	number       serial  per book	serial	type
examples/library/main.one	serial  per book	per	keyword
examples/library/main.one	lent_at      date    = now	date	type
examples/library/main.one	lent_at      date    = now	now	constant
examples/library/main.one	due_at       date    required  after lent_at	after	modifier
examples/library/main.one	command book::withdraw	command	declare
examples/library/main.one	command book::withdraw	book	namespace
examples/library/main.one	command book::withdraw	withdraw	name
examples/library/main.one	require status == status::on_shelf	require	keyword
examples/library/main.one	require status == status::on_shelf	==	operator
examples/library/main.one	require status == status::on_shelf	"only	string
examples/library/main.one	require returned_at == none	none	constant
examples/library/main.one	order by sort_title(title)	order	keyword
examples/library/main.one	order by sort_title(title)	sort_title	function
examples/library/main.one	each book where status	each	keyword
examples/library/main.one	each book where status	where	keyword
examples/library/main.one	first(loan where	first	function
examples/library/main.one	view mine per user	mine	name
examples/library/main.one	view mine per user	per	keyword
examples/library/main.one	role librarian	role	declare
examples/library/main.one	role librarian	librarian	name
examples/library/main.one	role librarian	book::view	namespace
examples/library/main.one	role librarian	::	punct
examples/library/main.one	function sort_title	function	declare
examples/library/main.one	function sort_title	sort_title	name
examples/library/main.one	if starts_with(title, "The ")	if	keyword
examples/library/main.one	if starts_with(title, "The ")	starts_with	function
examples/library/main.one	if starts_with(title, "The ")	return	keyword
examples/library/main.one	screen "Shelf" /shelf	screen	declare
examples/library/main.one	screen "Shelf" /shelf	"Shelf	string
examples/library/main.one	screen "Shelf" /shelf	/shelf	route
examples/library/main.one	\t\t\tshelfmark	shelfmark	plain
examples/library/main.one	form book::update	form	keyword
examples/library/main.one	confirm book::withdraw	confirm	keyword
examples/library/main.one	Withdraw {title}?	{title	interp
examples/library/main.one	Withdraw {title}?	title}	plain
examples/library/main.one	picker book from shelf	picker	declare
examples/library/main.one	picker book from shelf	from	keyword
examples/tasks/main.one	done   boolean  = false	boolean	type
examples/tasks/main.one	done   boolean  = false	false	constant
examples/tasks/main.one	permission owner	owner	constant
examples/tasks/main.one	owner  user     = me	owner	variable
examples/tasks/main.one	where owner == me	owner	plain
examples/tasks/main.one	require !done	!	operator
examples/tasks/main.one	order by done  created_at descending	descending	keyword
examples/tasks/main.one	screen "Tasks" / {	/	route
site/site.one	project uione {	project	declare
site/site.one	project uione {	uione	name
site/site.one	domain     "www.uione.io"	domain	keyword
site/site.one	domain     "www.uione.io"	"www	string
site/site.one	ui         radix	ui	keyword
site/site.one	ui         radix	radix	plain
site/site.one	serve      "public"	serve	keyword
site/waitlist.one	email  email  required  key	email  required	type
site/waitlist.one	email  email  required  key	email	variable
site/waitlist.one	email  email  required  key	key	modifier
site/waitlist.one	permission anyone	anyone	constant
site/waitlist.one	view signups public	public	modifier
site/home.one	screen "uione" / {	/	route
site/home.one	hero "Write	hero	keyword
site/home.one	text "The uione studio	text	keyword
site/home.one	link "https://uione.io/signin"	link	keyword
site/home.one	link "https://uione.io/signin"	"https	string
site/home.one	section "Join the waitlist" #waitlist	#waitlist	route
site/home.one	link namespace language "Learn	namespace	keyword
site/home.one	link namespace language "Learn	language	namespace
site/home.one	link namespace language "Learn	"Learn the language"	string
site/home.one	link namespace install "Install"	install	namespace
site/home.one	section "A whole	section	keyword
site/home.one	code "../examples	code	keyword
site/home.one	form waitlist::signup::create	waitlist	namespace
site/home.one	{waitlist::signups.total}	{waitlist	interp
site/home.one	{waitlist::signups.total}	waitlist::	namespace
site/language.one	screen language /:page {	/:page	route
site/language.one	markdown "language	markdown	keyword
site/studio.one	name   text  required	text	type
site/studio.one	name   text  required	name	variable
site/studio.one	owner  user  = me	user	type
site/studio.one	owner  user  = me	me	constant
site/studio.one	permission signed_in	signed_in	constant
site/studio.one	view projects per user	user	plain
examples/tracker/main.one	create member {	create	keyword
examples/tracker/main.one	role maintainer per project from member	from	keyword
examples/tracker/main.one	command project::create {	create	name
examples/tracker/main.one	readers member	readers	keyword
examples/tracker/main.one	public when project.visibility	when	keyword
examples/tracker/main.one	labels     list of text	list	type
examples/tracker/main.one	labels     list of text	of	type
examples/tracker/main.one	add me to assignees	add	keyword
examples/tracker/main.one	remove me from assignees	remove	keyword
examples/tracker/main.one	where assignees has me	has	keyword
examples/tasks/main.one	view list per user	list	name
examples/tracker/main.one	entity issue history {	history	keyword
examples/tracker/main.one	entity issue history {	issue	name
examples/tracker/main.one	each change in issue in project	change	type
examples/tracker/main.one	limit 50	limit	keyword
examples/tracker/main.one	webhook github /hooks/github {	webhook	declare
examples/tracker/main.one	webhook github /hooks/github {	github	name
examples/tracker/main.one	webhook github /hooks/github {	/hooks/github	route
examples/tracker/main.one	for project by repository	for	keyword
examples/tracker/main.one	for project by repository	by	keyword
examples/tracker/main.one	on commit {	on	keyword
examples/library/main.one	component opening_hours	component	keyword
site/site.one	one        "0.7.1"	one	keyword
examples/tracker/main.one	visibility  enum  public	public	plain
examples/tracker/main.one	= visibility::public	public	plain
examples/tracker/main.one	view projects public	public	modifier
examples/tracker/main.one	public when project.visibility	public	modifier
examples/tracker/main.one	project  project  required  key	project	variable
examples/tracker/main.one	project  project  required  key	project  required	type
examples/tracker/main.one	role     enum     maintainer	role	variable
examples/tracker/main.one	role     enum     maintainer	maintainer	plain
examples/tracker/main.one	= role::reporter	role	namespace
examples/tracker/main.one	number     serial        per project	per	keyword
examples/tracker/main.one	labels     list of text	of	type
editors/fixtures/environments.one	environment production {	environment	declare
editors/fixtures/environments.one	environment production {	production	name
editors/fixtures/environments.one	firebase  "shop-staging"	firebase	keyword
editors/fixtures/environments.one	environment  text  required	environment	variable
editors/fixtures/roles.one	project::update  member::create	project	namespace
editors/fixtures/roles.one	project::update  member::create	update	plain
editors/fixtures/roles.one	project::update  member::create	create	plain
editors/fixtures/roles.one	command project::update	command	declare
examples/tracker/main.one	project = id  person = me	project	variable
examples/tracker/main.one	labels     list of text	text	type
examples/tracker/main.one	assignees  list of user	user	type
editors/fixtures/roles.one	tags    list of label	list	type
editors/fixtures/roles.one	tags    list of label	of	type
editors/fixtures/roles.one	tags    list of label	label	type
examples/tracker/main.one	title = issue.title	title	variable
examples/tracker/main.one	title = issue.title	issue.title	plain
examples/tracker/main.one	changes = each change in issue {	changes	variable
examples/tracker/main.one	changes = each change in issue {	in	keyword
examples/tracker/main.one	field  before  after  created_by.name	after	plain
examples/tracker/main.one	entity issue history {	history	keyword
examples/tracker/main.one	timeline issue_page.changes	changes	plain
examples/tracker/main.one	timeline issue_page.changes	timeline	keyword
examples/tracker/main.one	thread issue_page.comments	thread	keyword
editors/fixtures/environments.one	region  "us-east4"	region	keyword
editors/fixtures/environments.one	domain    "shop.example"	domain	keyword
examples/tracker/main.one	title  body  labels	title	plain
examples/tracker/main.one	copy issue_page "Copy issue"	copy	keyword
examples/tracker/main.one	details issue_page {	details	keyword
examples/tracker/main.one	screen "Issue" /issues/:issue layout two_columns {	layout	keyword
examples/tracker/main.one	search title labels	search	keyword
examples/tracker/main.one	sort by number descending	sort	keyword
examples/tracker/main.one	page 25	page	keyword
editors/fixtures/once.one	once "2026-10-07 workflows" {	once	declare
editors/fixtures/once.one	once "2026-10-07 workflows" {	"2026-10-07 workflows"	string
editors/fixtures/once.one	each role where	each	keyword
editors/fixtures/once.one	each role where	where	keyword
editors/fixtures/once.one	\t\tonce  boolean	once	variable
editors/fixtures/body.one	input into column	input	keyword
editors/fixtures/body.one	delete each card	delete	keyword
editors/fixtures/body.one	delete each card	each	keyword
editors/fixtures/body.one	\t\tinput   text	input	variable
editors/fixtures/body.one	delete "Remove"	delete	plain
editors/fixtures/body.one	reorder position	reorder	keyword
editors/fixtures/body.one	grid columns.arrows	grid	keyword
editors/fixtures/body.one	by from and to over	and	keyword
editors/fixtures/body.one	by from and to over	over	keyword
editors/fixtures/body.one	board columns.cards	board	keyword
editors/fixtures/body.one	move card::move along	move	keyword
editors/fixtures/body.one	move card::move along	along	keyword
editors/fixtures/body.one	heading {	heading	keyword
editors/fixtures/body.one	diagram columns.arrows	diagram	keyword
editors/fixtures/body.one	cards columns.columns	cards	keyword
editors/fixtures/body.one	tally columns.cards	tally	keyword
editors/fixtures/body.one	filter "Untitled"	filter	keyword
editors/fixtures/body.one	7 days ago	days	keyword
editors/fixtures/body.one	7 days ago	ago	keyword
editors/fixtures/body.one	subtitle "The columns"	subtitle	keyword
editors/fixtures/body.one	new since columns.seen	new	keyword
editors/fixtures/body.one	new since columns.seen	since	keyword
editors/fixtures/body.one	seen glance::create	seen	keyword
editors/fixtures/body.one	find "Find a column"	find	keyword
editors/fixtures/environments.one	header {	header	declare
editors/fixtures/environments.one	badge news.unread	badge	keyword
editors/fixtures/body.one	hide when empty	hide	keyword
editors/fixtures/body.one	hide when empty	hide	keyword
editors/fixtures/roles.one	entity invitation invites seat {	invites	keyword
editors/fixtures/roles.one	email  email  required  key	email	variable
editors/fixtures/environments.one	import one	import	declare
editors/fixtures/environments.one	import one	one	namespace
editors/fixtures/environments.one	corners one::corners::square	corners	keyword
editors/fixtures/environments.one	corners one::corners::square	one	namespace
editors/fixtures/environments.one	corners one::corners::square	square	plain
compiler/library/one.one	settings project {	settings	declare
compiler/library/one.one	settings project {	project	name
compiler/library/one.one	one         version	one	variable
compiler/library/one.one	signin      list of signin	list	type
compiler/library/one.one	enum corners {	enum	declare
editors/fixtures/body.one	filter "Recent" updated_at > 7 days ago  color green	color	keyword
editors/fixtures/body.one	filter "Recent" updated_at > 7 days ago  color green	green	plain
editors/fixtures/environments.one	footer columns {	footer	declare
editors/fixtures/environments.one	footer columns {	columns	keyword
editors/fixtures/environments.one	link build.release "uione {build.version}"	build	constant
